{
    "1": {
        "precision": 0.8459288152120916,
        "recall": 0.9209129511677282,
        "f1-score": 0.8818297331639136,
        "support": 1884.0
    },
    "2": {
        "precision": 0.8485898070262247,
        "recall": 0.9180942184154176,
        "f1-score": 0.8819748007199795,
        "support": 1868.0
    },
    "3": {
        "precision": 0.9202772963604853,
        "recall": 0.5568956476140535,
        "f1-score": 0.6938908853315909,
        "support": 1907.0
    },
    "4": {
        "precision": 0.8109517601043025,
        "recall": 0.9764521193092621,
        "f1-score": 0.886039886039886,
        "support": 1911.0
    },
    "5": {
        "precision": 0.9780163599182005,
        "recall": 1.0,
        "f1-score": 0.9888860170586715,
        "support": 1913.0
    },
    "accuracy": 0.8743013814193821,
    "macro avg": {
        "precision": 0.8807528077242608,
        "recall": 0.8744709873012922,
        "f1-score": 0.8665242644628084,
        "support": 9483.0
    },
    "weighted avg": {
        "precision": 0.8810016410025154,
        "recall": 0.8743013814193821,
        "f1-score": 0.8665092519464873,
        "support": 9483.0
    }
}