{
    "1": {
        "precision": 0.8309335810496981,
        "recall": 0.9430680021085925,
        "f1-score": 0.8834567901234568,
        "support": 1897.0
    },
    "2": {
        "precision": 0.8357785139611926,
        "recall": 0.9246073298429319,
        "f1-score": 0.8779517772806363,
        "support": 1910.0
    },
    "3": {
        "precision": 0.920265780730897,
        "recall": 0.5953788285867813,
        "f1-score": 0.7230016313213703,
        "support": 1861.0
    },
    "4": {
        "precision": 0.9164569703069955,
        "recall": 0.9624735729386892,
        "f1-score": 0.9389017788089714,
        "support": 1892.0
    },
    "5": {
        "precision": 0.9491609081934848,
        "recall": 1.0,
        "f1-score": 0.9739174474550519,
        "support": 1923.0
    },
    "accuracy": 0.8865337973215227,
    "macro avg": {
        "precision": 0.8905191508484535,
        "recall": 0.8851055466953991,
        "f1-score": 0.8794458849978973,
        "support": 9483.0
    },
    "weighted avg": {
        "precision": 0.8904782871595763,
        "recall": 0.8865337973215227,
        "f1-score": 0.8802654095035243,
        "support": 9483.0
    }
}