{
    "train_accuracy": 88.75619529684698,
    "test_accuracy": 88.65337973215227
}