{
    "1": {
        "precision": 0.8482926829268292,
        "recall": 0.923036093418259,
        "f1-score": 0.884087442806304,
        "support": 1884.0
    },
    "2": {
        "precision": 0.8365200764818356,
        "recall": 0.936830835117773,
        "f1-score": 0.8838383838383839,
        "support": 1868.0
    },
    "3": {
        "precision": 0.9228989976869699,
        "recall": 0.6276874672260094,
        "f1-score": 0.7471910112359551,
        "support": 1907.0
    },
    "4": {
        "precision": 0.9146825396825397,
        "recall": 0.9649398220826793,
        "f1-score": 0.9391392920804685,
        "support": 1911.0
    },
    "5": {
        "precision": 0.9432938856015779,
        "recall": 1.0,
        "f1-score": 0.9708195889368181,
        "support": 1913.0
    },
    "accuracy": 0.8903300643256353,
    "macro avg": {
        "precision": 0.8931376364759505,
        "recall": 0.8904988435689442,
        "f1-score": 0.8850151437795859,
        "support": 9483.0
    },
    "weighted avg": {
        "precision": 0.8935200719793757,
        "recall": 0.8903300643256353,
        "f1-score": 0.885099352787731,
        "support": 9483.0
    }
}