{
    "train_accuracy": 87.6647685331646,
    "test_accuracy": 87.4301381419382
}