{
    "train_accuracy": 88.77992196562269,
    "test_accuracy": 89.03300643256354
}